#,# old,Check,Year,Estudo,Screening,Technology Macro Group,Technology,Category,PP Category,CCT Category,AM Category,1=Powder or 0=Suspension-based,UP Pressure (MPa),CIP Pressure (MPa),HIP (MPa),HIP (1=yes or 0=no),ND (mm),Zr (vol.%),Al (vol.%),Zr + Al (vol.%),0=Al or 1=Zr,PS Zr (μm),PS Al (μm),PS (μm),Additives,Zirconia dopant,Amount of zirconia dopant (mol.%),Sloading (vol.%),ST (ºC),t (h),LS (%),s.d.,n,VS (%) ,RD (%),s.d..1,n.1,Gr Zr (μm) ,s.d..2,n.2,Gr Al (μm),s.d..3,n.3,E (GPa) ,s.d..4,n.4,Method E,H (GPa),s.d..5,n.5,Method H,Indentation load (N),FS 3pt (MPa),s.d..6,n.6,FS 4pt (MPa),s.d..7,n.7,B3B (MPa),s.d..8,n.8,Weibull (m),s.d..9,n.9,ORIGINAL KIc média,ORIGINAL d.p.,KIc (MPa (m)^1/2),s.d..10,n.10,Method KIc,CTE (10-6 ºC-1) ,s.d..11,n.11,K (W/m.K),s.d..12,n.12,Observações
1,1,,2002,Aza et al 2002,não encontro,PP,CIP,CIP,,,,1,,200,,0,nd,100,0,100,1,0.47,nd,0.47,nd,Y2O3,3,nd,1550,2,nd,nd,nd,nd,98,nd,nd,0.7,0.4,nd,nd,nd,nd,nd,nd,nd,,12.65,0.49,nd,vickers,10,nd,nd,nd,nd,nd,nd,nd,nd,nd,nd,nd,nd,"5,5 (nd)",0.2,5.5,0.2,nd,nd,nd,nd,nd,nd,nd,nd,
2,2,,2002,Aza et al 2002,não encontro,PP,CIP,CIP,,,,1,,200,,0,nd,10,90,100,nd,0.47,0.45,nd,nd,Y2O4,3,nd,1550,2,nd,nd,nd,nd,98,nd,nd,0.7,0.4,nd,1.7,0.6,nd,nd,nd,nd,,15,0.49,nd,vickers,10,nd,nd,nd,nd,nd,nd,nd,nd,nd,nd,nd,nd,"5,9 (nd)",0.2,5.9,0.2,nd,nd,nd,nd,nd,nd,nd,nd,
3,3,,2002,Aza et al 2002,não encontro,PP,CIP,CIP,,,,1,,200,,0,nd,0,100,100,0,0,0.45,0.45,nd,Y2O5,3,nd,1550,2,nd,nd,nd,nd,98,nd,nd,nd,0.4,nd,1.7,0.6,nd,nd,nd,nd,,15.69,0.49,nd,vickers,10,nd,nd,nd,nd,nd,nd,nd,nd,nd,nd,nd,nd,"4,2 (nd)",0.2,4.2,0.2,nd,nd,nd,nd,nd,nd,nd,nd,
4,4,,2018,Peng et al 2018,AM - ME;,AM,Robocasting,Suspension,,,Material Extrusion,0,,,,0,0.41,100,0,100,1,0.38,0,0.38,PVA + PEG + CA,Y2O3,3,33.5,1500,10,33,nd,nd,nd,97.3,nd,nd,0.84,0.27,nd,nd,nd,nd,nd,nd,nd,,nd,nd,nd,,,242.8,11.4,nd,nd,nd,nd,nd,nd,nd,nd,nd,nd,nd,nd,nd,nd,nd,,nd,nd,nd,nd,nd,nd,
5,5,,2018,Peng et al 2018,AM - ME;,AM,Robocasting,Suspension,,,Material Extrusion,0,,,,0,0.41,100,0,100,1,0.38,0,0.38,PVA + PEG + CA,Y2O3,3,33.5,1500,5,33,nd,nd,nd,95.6,nd,nd,0.61,0.21,nd,nd,nd,nd,nd,nd,nd,,nd,nd,nd,,,135,19,nd,nd,nd,nd,nd,nd,nd,nd,nd,nd,nd,nd,nd,nd,nd,,nd,nd,nd,nd,nd,nd,
6,6,,2018,Peng et al 2018,AM - ME;,AM,Robocasting,Suspension,,,Material Extrusion,0,,,,0,0.41,100,0,100,1,0.38,0,0.38,PVA + PEG + CA,Y2O3,3,33.5,1400,10,33,nd,nd,nd,96,nd,nd,0.46,0.13,nd,nd,nd,nd,nd,nd,nd,,nd,nd,nd,,,216.3,18.3,nd,nd,nd,nd,nd,nd,nd,nd,nd,nd,nd,nd,nd,nd,nd,,nd,nd,nd,nd,nd,nd,
7,8,Check,2019,Zhang et al 2019,não encontro,AM,Robocasting,Suspension,,,Material Extrusion,0,,,,0,"0,41 - 0,08",100,0,100,1,0.3,0,0.3,Photocurable Resin Preparation,Y2O3,3,33.3,1500,5,nd,nd,nd,nd,98.31,nd,nd,nd,nd,nd,nd,nd,nd,nd,nd,nd,,13.35,nd,nd,vickers,49,415.85,nd,nd,nd,nd,nd,nd,nd,nd,nd,nd,nd,nd,nd,nd,nd,nd,,nd,nd,nd,nd,nd,nd,
8,9,Check,2019,Zhang et al 2019,não encontro,AM,Robocasting,Suspension,,,Material Extrusion,0,,,,0,"0,41 - 0,08",100,0,100,1,0.3,0,0.3,Photocurable Resin Preparation,Y2O3,3,33.3,1500,5,nd,nd,nd,nd,98.7,nd,nd,nd,nd,nd,nd,nd,nd,nd,nd,nd,,13.08,nd,nd,vickers,49,537.25,nd,nd,nd,nd,nd,nd,nd,nd,nd,nd,nd,nd,nd,nd,nd,nd,,nd,nd,nd,nd,nd,nd,
9,10,Check,2019,Zhang et al 2019,não encontro,AM,Robocasting,Suspension,,,Material Extrusion,0,,,,0,"0,41 - 0,08",100,0,100,1,0.3,0,0.3,Photocurable Resin Preparation,Y2O3,3,33.3,1500,5,nd,nd,nd,nd,99.49,nd,nd,nd,nd,nd,nd,nd,nd,nd,nd,nd,,13.97,nd,nd,vickers,49,688.4,nd,nd,nd,nd,nd,nd,nd,nd,nd,nd,nd,nd,nd,nd,nd,nd,,nd,nd,nd,nd,nd,nd,
10,11,,2018,Promakhov et al 2018,não encontro,AM,Robocasting,Suspension,,,Material Extrusion,0,,,,0,0.7,80,20,100,nd,nd,nd,nd,nd,Y2O3,3,40,1500,1,nd,nd,nd,nd,85,nd,nd,nd,nd,nd,nd,nd,nd,280,25,nd,vickers,14,nd,nd,vickers,0.1,450,70,nd,nd,nd,nd,nd,nd,nd,nd,nd,nd,nd,nd,nd,nd,nd,,nd,nd,nd,nd,nd,nd,
11,13,,2016,Feilden et al 2016,AM - BJ; AM - ME;,AM,Robocasting,Suspension,,,Material Extrusion,0,,,,0,0.41,0,100,100,0,0,0.3,0.3,Hydrogel of Pluronic F-127,,,30,1500,1,nd,nd,nd,nd,97,1,nd,nd,nd,nd,1.4,nd,nd,nd,nd,nd,,18.6,0.8,nd,vickers,49,nd,nd,nd,232,27,nd,nd,nd,nd,nd,nd,nd,"3,31 (Lawn and Evans)",0.23,3.31,0.23,nd,Lawn and Evans,nd,nd,nd,nd,nd,nd,
12,14,,2017,Feilden et al 2017,não encontro,AM,Robocasting,Suspension,,,Material Extrusion,0,,,,0,0.41,0,100,100,0,0,0.3,0.3,Hydrogel of Pluronic F-127,,,30,1500,1,nd,nd,nd,nd,97,1,nd,nd,nd,nd,1.4,nd,nd,99.1,0.6,nd,IET,nd,nd,nd,,,nd,nd,nd,297,nd,nd,nd,nd,nd,nd,nd,nd,"3,31 (SENB)",0.23,3.31,0.23,nd,SENB,nd,nd,nd,nd,nd,nd,
13,17,,2017,M'Barki et al 2017,AM - ME;,AM,Robocasting,Suspension,,,Material Extrusion,0,,,,0,0.5,0,100,100,0,0,0.24,0.24,nd,,,44,1300,1,nd,nd,nd,nd,97,nd,nd,nd,nd,nd,nd,nd,nd,nd,nd,nd,,nd,nd,nd,,,591,149,22,nd,nd,nd,nd,nd,nd,nd,nd,nd,nd,nd,nd,nd,nd,,nd,nd,nd,nd,nd,nd,
14,18,,2016,Rueschhoff et al 2016,AM - ME;,AM,Robocasting,Suspension,,,Material Extrusion,0,,,,0,1.25,0,100,100,0,0,0.48,0.48,"Darvan (4 vol,%) / PVP (5 vol,%)",,,53,1600,1,nd,nd,nd,nd,98.1,nd,nd,nd,nd,nd,3.49,0.44,nd,nd,nd,nd,,nd,nd,nd,,,147.5,11.2,10,nd,nd,nd,nd,nd,nd,nd,nd,nd,nd,nd,nd,nd,nd,,nd,nd,nd,nd,nd,nd,
15,19,,2016,Rueschhoff et al 2016,AM - ME;,AM,Robocasting,Suspension,,,Material Extrusion,0,,,,0,1.25,0,100,100,0,0,0.48,0.48,"Darvan (4 vol,%) / PVP (5 vol,%)",,,55,1600,1,0.2,nd,nd,nd,98,nd,nd,nd,nd,nd,3.17,0.37,nd,nd,nd,nd,,nd,nd,nd,,,156.6,17.5,10,nd,nd,nd,nd,nd,nd,nd,nd,nd,nd,nd,nd,nd,nd,,nd,nd,nd,nd,nd,nd,
16,20,,2016,Rueschhoff et al 2016,AM - ME;,AM,Robocasting,Suspension,,,Material Extrusion,0,,,,0,1.25,0,100,100,0,0,0.48,0.48,"Darvan (4 vol,%) / PVP (5 vol,%)",,,56,1600,1,nd,nd,nd,nd,98.2,nd,nd,nd,nd,nd,3.71,0.37,nd,nd,nd,nd,,nd,nd,nd,,,133.6,17.8,10,nd,nd,nd,nd,nd,nd,nd,nd,nd,nd,nd,nd,nd,nd,,nd,nd,nd,nd,nd,nd,
17,23,,2017,Ghazanfari et al 2017,AM - BJ; AM - ME;,AM,CODE,Suspension,,,Material Extrusion,0,,,,0,nd,100,0,100,1,nd,0,nd,Dolapix CE 64/NH3,Y2O3,8,50,1500,1,nd,nd,nd,53.2,98,nd,nd,nd,nd,nd,nd,nd,nd,nd,nd,nd,,14.3,0.3,5,vickers,4.91,nd,nd,nd,nd,nd,nd,nd,nd,nd,8.33,nd,nd,"3,37 (Liang)",0.09,3.37,0.09,8,Liang,nd,nd,nd,nd,nd,nd,
18,24,,2017,Ghazanfari et al 2017,AM - BJ; AM - ME;,AM,CODE,Suspension,,,Material Extrusion,0,,,,0,nd,100,0,100,1,nd,0,nd,Dolapix CE 64/NH3,Y2O3,8,50,1500,1.5,nd,nd,nd,53.2,98,nd,nd,nd,nd,nd,nd,nd,nd,nd,nd,nd,,14.5,0.2,5,vickers,4.91,nd,nd,nd,nd,nd,nd,nd,nd,nd,8.33,nd,nd,"3,62 (Liang)",0.17,3.62,0.17,8,Liang,nd,nd,nd,nd,nd,nd,
19,25,,2017,Ghazanfari et al 2017,AM - BJ; AM - ME;,AM,CODE,Suspension,,,Material Extrusion,0,,,,0,nd,100,0,100,1,nd,0,nd,Dolapix CE 64/NH3,Y2O3,8,50,1500,2.5,nd,nd,nd,53.2,98,nd,nd,nd,nd,nd,nd,nd,nd,195,8,5,EBBT,15.3,0.4,5,vickers,4.91,nd,nd,nd,232,55,nd,nd,nd,nd,8.33,nd,nd,"3,02 (Liang); 2,1 (CNB)","0,24; 0,1",3.02,0.24,8,Liang,nd,nd,nd,nd,nd,nd,
20,26,,2017,Ghazanfari et al 2017,AM - BJ; AM - ME;,AM,CODE,Suspension,,,Material Extrusion,0,,,,0,nd,100,0,100,1,nd,0,nd,Dolapix CE 64/NH3,Y2O3,8,50,1550,0.5,nd,nd,nd,53.2,98,nd,nd,nd,nd,nd,nd,nd,nd,208,6,5,EBBT,14.5,0.2,5,vickers,4.91,nd,nd,nd,278,59,nd,nd,nd,nd,8.33,nd,nd,"3,61 (Liang); 2,5 (CNB)","0,08; 0,1 ",3.61,0.08,8,Liang,nd,nd,nd,nd,nd,nd,
21,27,,2017,Ghazanfari et al 2017,AM - BJ; AM - ME;,AM,CODE,Suspension,,,Material Extrusion,0,,,,0,nd,100,0,100,1,nd,0,nd,Dolapix CE 64/NH3,Y2O3,8,50,1550,0.8,nd,nd,nd,53.2,98,nd,nd,nd,nd,nd,nd,nd,nd,nd,nd,nd,,14.3,0.1,5,vickers,4.91,nd,nd,nd,nd,nd,nd,nd,nd,nd,8.33,nd,nd,"3,5 (Liang)",0.16,3.5,0.16,8,Liang,nd,nd,nd,nd,nd,nd,
22,28,,2017,Ghazanfari et al 2017,AM - BJ; AM - ME;,AM,CODE,Suspension,,,Material Extrusion,0,,,,0,nd,100,0,100,1,nd,0,nd,Dolapix CE 64/NH3,Y2O3,8,50,1600,0.5,nd,nd,nd,53.2,98,nd,nd,nd,nd,nd,nd,nd,nd,nd,nd,nd,,15.4,0.2,5,vickers,4.91,nd,nd,nd,nd,nd,nd,nd,nd,nd,8.33,nd,nd,"2,95 (Liang)",0.11,2.95,0.11,8,Liang,nd,nd,nd,nd,nd,nd,
23,29,,2018,Li et al 2018,AM - Vat P; AM - ME; AM - PBF; AM - MJ;,AM,CODE,Suspension,,,Material Extrusion,0,,,,0,nd,100,0,100,1,0.04,0,0.04,Dolapix CE64 (5 wt%),Y2O3,3,50,1350,1,20.26,0.134164078649988,5,50,99.11,0.31,3,0.81,nd,494,nd,nd,nd,nd,nd,nd,,14.2,0.19,18,vickers,98.07,nd,nd,nd,nd,nd,nd,nd,nd,nd,nd,nd,nd,"3,5 (Anstis)",0.04,3.5,0.04,6,Anstis,nd,nd,nd,nd,nd,nd,
24,30,,2018,Li et al 2018,AM - Vat P; AM - ME; AM - PBF; AM - MJ;,AM,CODE,Suspension,,,Material Extrusion,0,,,,0,nd,100,0,100,1,0.04,0,0.04,Dolapix CE64 (5 wt%),Y2O3,3,50,1350,2,20.26,0.134164078649988,5,50,99.52,0.01,3,0.81,nd,494,nd,nd,nd,nd,nd,nd,,14.1,0.09,18,vickers,98.07,nd,nd,nd,nd,nd,nd,nd,nd,nd,nd,nd,nd,"3,5 (Anstis)",0.05,3.5,0.05,6,Anstis,nd,nd,nd,nd,nd,nd,
25,31,,2018,Li et al 2018,AM - Vat P; AM - ME; AM - PBF; AM - MJ;,AM,CODE,Suspension,,,Material Extrusion,0,,,,0,nd,100,0,100,1,0.04,0,0.04,Dolapix CE64 (5 wt%),Y2O3,3,50,1450,0.5,20.26,0.134164078649988,5,50,99.47,0.07,3,0.81,nd,494,nd,nd,nd,nd,nd,nd,,13.9,0.21,18,vickers,98.07,nd,nd,nd,nd,nd,nd,nd,nd,nd,nd,nd,nd,"3,7 (Anstis)",0.09,3.7,0.09,6,Anstis,nd,nd,nd,nd,nd,nd,
26,32,,2018,Li et al 2018,AM - Vat P; AM - ME; AM - PBF; AM - MJ;,AM,CODE,Suspension,,,Material Extrusion,0,,,,0,nd,100,0,100,1,0.04,0,0.04,Dolapix CE64 (5 wt%),Y2O3,3,50,1450,1,20.26,0.134164078649988,5,50,99.32,0.13,3,0.81,nd,494,nd,nd,nd,nd,nd,nd,,13.7,0.16,18,vickers,98.07,nd,nd,nd,nd,nd,nd,nd,nd,nd,nd,nd,nd,"3,8 (Anstis)",0.07,3.8,0.07,6,Anstis,nd,nd,nd,nd,nd,nd,
27,33,,2018,Li et al 2018,AM - Vat P; AM - ME; AM - PBF; AM - MJ;,AM,CODE,Suspension,,,Material Extrusion,0,,,,0,nd,100,0,100,1,0.04,0,0.04,Dolapix CE64 (5 wt%),Y2O3,3,50,1500,0.5,20.26,0.134164078649988,5,50,99.22,0.22,3,0.81,nd,494,nd,nd,nd,nd,nd,nd,,13.8,0.24,18,vickers,98.07,nd,nd,nd,nd,nd,nd,nd,nd,nd,nd,nd,nd,"3,8 (Anstis)",0.14,3.8,0.14,6,Anstis,nd,nd,nd,nd,nd,nd,
28,34,,2018,Li et al 2018,AM - Vat P; AM - ME; AM - PBF; AM - MJ;,AM,CODE,Suspension,,,Material Extrusion,0,,,,0,nd,100,0,100,1,0.04,0,0.04,Dolapix CE64 (5 wt%),Y2O3,3,50,1500,1,20.26,0.134164078649988,5,50,99.1,0.12,3,0.81,nd,494,nd,nd,nd,nd,nd,nd,,13.8,0.12,18,vickers,98.07,nd,nd,nd,nd,nd,nd,nd,nd,nd,nd,nd,nd,"3,7 (Anstis)",0.06,3.7,0.06,6,Anstis,nd,nd,nd,nd,nd,nd,
29,35,,2018,Li et al 2018,AM - Vat P; AM - ME; AM - PBF; AM - MJ;,AM,CODE,Suspension,,,Material Extrusion,0,,,,0,nd,100,0,100,1,0.04,0,0.04,Dolapix CE64 (5 wt%),Y2O3,3,50,1550,0.5,20.26,0.134164078649988,5,50,99.09,0.04,3,0.81,nd,494,nd,nd,nd,nd,nd,nd,,13.4,0.35,18,vickers,98.07,nd,nd,nd,nd,nd,nd,nd,nd,nd,nd,nd,nd,4 (Anstis),0.07,4,0.07,6,Anstis,nd,nd,nd,nd,nd,nd,
30,36,,2018,Li et al 2018,AM - Vat P; AM - ME; AM - PBF; AM - MJ;,AM,CODE,Suspension,,,Material Extrusion,0,,,,0,nd,100,0,100,1,0.04,0,0.04,Dolapix CE64 (5 wt%),Y2O3,3,50,1550,1,20.26,0.134164078649988,5,50,99.16,0.09,3,0.81,nd,494,nd,nd,nd,221,12.3,10,EBBT,13.1,0.14,18,vickers,98.07,715,nd,10,563,nd,10,nd,nd,nd,7.9,nd,29,"4,3 (Anstis)",0.08,4.3,0.08,6,Anstis,nd,nd,nd,nd,nd,nd,
31,37,,2017,Ghazanfari et al 2017 (a),AM - ME;,AM,CODE,Suspension,,,Material Extrusion,0,,,,0,nd,0,100,100,0,0,0.34,0.34,Darvan / Methylcellulose,,,60,1550,1.5,nd,nd,nd,42.1,98,nd,nd,nd,nd,nd,2.1,nd,nd,371,14,20,EBBT,19.8,0.6,20,vickers,4.91,nd,nd,nd,364,50,24,nd,nd,nd,8.3,nd,nd,"4,5 (CNB)",0.1,4.5,0.1,6,CNB,nd,nd,nd,nd,nd,nd,
32,38,Check,2017,Li et al 2017,não encontro,AM,CODE,Suspension,,,Material Extrusion,0,,,,0,0.61,0,100,100,0,0,nd,nd,DolapixCE64/PEG 400/methocellulose,,,55,1500,1,nd,nd,nd,17,97.5,nd,nd,nd,nd,nd,nd,nd,nd,nd,nd,nd,,nd,nd,nd,,,nd,nd,nd,nd,nd,nd,nd,nd,nd,nd,nd,nd,nd,nd,nd,nd,nd,,nd,nd,nd,nd,nd,nd,
33,44,Check,2006,Cesari et al 2006,não encontro,CCT,Slip Casting,Slip Casting,,SC,,0,,,,0,nd,100,0,100,1,0.2,0,0.2,nd,Y2O3,3,49,1550,nd,nd,nd,nd,nd,100,nd,nd,0.74,nd,nd,nd,nd,nd,205,nd,20,EBBT,13.3,nd,nd,vickers,196.2,nd,nd,nd,766,nd,20,nd,nd,nd,11.7,nd,10,"4,3 (Anstis)",nd,4.3,nd,nd,Anstis,nd,nd,nd,nd,nd,nd,
34,45,Check,2006,Cesari et al 2006,não encontro,CCT,Slip Casting,Slip Casting,,SC,,0,,,,0,nd,72,28,100,nd,0.1,0.3,nd,nd,Y2O3,3,49,1550,nd,nd,nd,nd,nd,100,nd,nd,0.6,nd,nd,0.68,nd,nd,246,nd,20,EBBT,14.3,nd,nd,vickers,196.2,nd,nd,nd,811,nd,20,nd,nd,nd,13.3,nd,10,5 (Anstis),nd,5,nd,nd,Anstis,nd,nd,nd,nd,nd,nd,
35,46,Check,2006,Cesari et al 2006,não encontro,CCT,Slip Casting,Slip Casting,,SC,,0,,,,0,nd,49,51,100,nd,0.3,0.3,nd,nd,Y2O3,3,49,1550,nd,nd,nd,nd,nd,100,nd,nd,0.36,nd,nd,0.29,nd,nd,285,nd,20,EBBT,15.1,nd,nd,vickers,196.2,nd,nd,nd,912,nd,20,nd,nd,nd,7.3,nd,10,"5,2 (Anstis)",nd,5.2,nd,nd,Anstis,nd,nd,nd,nd,nd,nd,
36,47,Check,2006,Cesari et al 2006,não encontro,CCT,Slip Casting,Slip Casting,,SC,,0,,,,0,nd,30,70,100,nd,0.3,0.3,nd,nd,Y2O3,3,49,1550,nd,nd,nd,nd,nd,99.6,nd,nd,0.25,nd,nd,0.37,nd,nd,316,nd,20,EBBT,16.4,nd,nd,vickers,196.2,nd,nd,nd,834,nd,20,nd,nd,nd,11.4,nd,10,"3,6 (Anstis)",nd,3.6,nd,nd,Anstis,nd,nd,nd,nd,nd,nd,
37,48,Check,2006,Cesari et al 2006,não encontro,CCT,Slip Casting,Slip Casting,,SC,,0,,,,0,nd,14,86,100,nd,0.1,0.3,nd,nd,Y2O3,3,49,1550,nd,nd,nd,nd,nd,100,nd,nd,0.25,nd,nd,0.6,nd,nd,348,nd,20,EBBT,17.8,nd,nd,vickers,196.2,nd,nd,nd,717,nd,20,nd,nd,nd,7.7,nd,10,"4,1 (Anstis)",nd,4.1,nd,nd,Anstis,nd,nd,nd,nd,nd,nd,
38,49,Check,2006,Cesari et al 2006,não encontro,CCT,Slip Casting,Slip Casting,,SC,,0,,,,0,nd,0,100,100,0,0,0.2,0.2,nd,,,49,1550,nd,nd,nd,nd,nd,100,nd,nd,nd,nd,nd,3.4,nd,nd,356,nd,20,EBBT,18.3,nd,nd,vickers,196.2,nd,nd,nd,436,nd,20,nd,nd,nd,9.7,nd,nd,"4,2 (Anstis)",nd,4.2,nd,nd,Anstis,nd,nd,nd,nd,nd,nd,
39,50,,2009,Olhero et al 2009,CCT - Slipcasting;,CCT,Slip Casting,Slip Casting,,SC,,0,,,,0,nd,49,51,100,nd,0.43,0.8,nd,"Dolapix CE64 (0,4 wt%)",Y2O3,3,50,1600,1,13.23,0.85,nd,nd,96.566,nd,nd,nd,nd,nd,nd,nd,nd,nd,nd,nd,,12.39,0.07748,nd,vickers,98.07,509,55.9,nd,nd,nd,nd,nd,nd,nd,nd,nd,nd,"4,92 (Evans and Charles)",0.48,4.92,0.48,nd,Evans and Charles,nd,nd,nd,nd,nd,nd,
40,51,,2009,Olhero et al 2009,CCT - Slipcasting;,CCT,Slip Casting,Slip Casting,,SC,,0,,,,0,nd,22,78,100,nd,0.43,0.8,nd,"Dolapix CE64 (0,4 wt%)",Y2O3,3,50,1600,1,21.51,0.77,nd,nd,95.742,nd,nd,nd,nd,nd,nd,nd,nd,nd,nd,nd,,14.08,0.2354,nd,vickers,98.07,409.9,9.4,nd,nd,nd,nd,nd,nd,nd,nd,nd,nd,"4,64 (Evans and Charles)",0.19,4.64,0.19,nd,Evans and Charles,nd,nd,nd,nd,nd,nd,
41,52,,2009,Ebert et al 2009,AM - MJ;,AM,DIP,Suspension,,,Material Jetting,0,,,,0,0.028,100,0,100,1,0.09,0,0.09,Boehmite (nd %),Y2O3,3,27,1450,2.5,20,nd,nd,sim,96.9,nd,nd,nd,nd,nd,nd,nd,nd,nd,nd,nd,,nd,nd,nd,,,nd,nd,nd,763,268.2483333632687,21,nd,nd,nd,nd,nd,nd,"6,7 (SEVNB)",1.6,6.7,1.6,4,SEVNB,nd,nd,nd,nd,nd,nd,
42,53,,2018,Moradkhani et al 2018 ,CCT - Slipcasting;,CCT,Slip Casting,Slip Casting,,SC,,0,,,,0,nd,20,80,100,nd,0.4,0.35,nd,Dolapix CE67,Y2O3,3,47,1650,3,nd,nd,nd,nd,98,0.3,nd,nd,nd,nd,nd,nd,nd,297,4,nd,IET,18.1,0.5,nd,vickers,0.75,291,nd,nd,nd,nd,nd,nd,nd,nd,nd,nd,nd,"5,85 (SELNB)",0.35,5.85,0.35,nd,SELNB,nd,nd,nd,nd,nd,nd,
43,54,,2018,Moradkhani et al 2018 ,CCT - Slipcasting;,CCT,Slip Casting,Slip Casting,,SC,,0,,,,0,nd,20,80,100,nd,0.4,0.35,nd,Dolapix CE67,Y2O3,3,47,1550,3,nd,nd,nd,nd,95,0.4,nd,nd,nd,nd,nd,nd,nd,289,6,nd,IET,16.8,0.8,nd,vickers,0.75,250,nd,nd,nd,nd,nd,nd,nd,nd,nd,nd,nd,"5,35 (SELNB)",0.55,5.35,0.55,nd,SELNB,nd,nd,nd,nd,nd,nd,
44,55,,2018,Moradkhani et al 2018 ,CCT - Slipcasting;,CCT,Slip Casting,Slip Casting,,SC,,0,,,,0,nd,15,85,100,nd,0.4,0.35,nd,Dolapix CE66,Y2O3,3,47,1650,3,nd,nd,nd,nd,98.7,0.4,nd,nd,nd,nd,nd,nd,nd,336,11,nd,IET,21.5,0.5,nd,vickers,0.75,300,nd,nd,nd,nd,nd,nd,nd,nd,nd,nd,nd,"5,3 (SELNB)",0.4,5.3,0.4,nd,SELNB,nd,nd,nd,nd,nd,nd,
45,56,,2018,Moradkhani et al 2018 ,CCT - Slipcasting;,CCT,Slip Casting,Slip Casting,,SC,,0,,,,0,nd,15,85,100,nd,0.4,0.35,nd,Dolapix CE66,Y2O3,3,47,1550,3,nd,nd,nd,nd,96.4,0.5,nd,nd,nd,nd,nd,nd,nd,333,10,nd,IET,18.7,0.3,nd,vickers,0.75,270,nd,nd,nd,nd,nd,nd,nd,nd,nd,nd,nd,"4,85 (SELNB)",0.45,4.85,0.45,nd,SELNB,nd,nd,nd,nd,nd,nd,
46,57,,2018,Moradkhani et al 2018 ,CCT - Slipcasting;,CCT,Slip Casting,Slip Casting,,SC,,0,,,,0,nd,10,90,100,nd,0.4,0.35,nd,Dolapix CE65,Y2O3,3,47,1650,3,nd,nd,nd,nd,99.1,0.3,nd,nd,nd,nd,nd,nd,nd,381,8,nd,IET,25.4,0.5,nd,vickers,0.75,308,nd,nd,nd,nd,nd,nd,nd,nd,nd,nd,nd,"4,55 (SELNB)",0.45,4.55,0.45,nd,SELNB,nd,nd,nd,nd,nd,nd,
47,58,,2018,Moradkhani et al 2018 ,CCT - Slipcasting;,CCT,Slip Casting,Slip Casting,,SC,,0,,,,0,nd,10,90,100,nd,0.4,0.35,nd,Dolapix CE65,Y2O3,3,47,1550,3,nd,nd,nd,nd,97.1,0.3,nd,nd,nd,nd,nd,nd,nd,376,8,nd,IET,21.1,0.6,nd,vickers,0.75,287,nd,nd,nd,nd,nd,nd,nd,nd,nd,nd,nd,"4,3 (SELNB)",0.3,4.3,0.3,nd,SELNB,nd,nd,nd,nd,nd,nd,
48,59,,2018,Moradkhani et al 2018 ,CCT - Slipcasting;,CCT,Slip Casting,Slip Casting,,SC,,0,,,,0,nd,5,95,100,nd,0.4,0.35,nd,Dolapix CE64,Y2O3,3,47,1650,3,nd,nd,nd,nd,99.8,0.1,nd,nd,nd,nd,nd,nd,nd,401,12,nd,IET,28.6,0.4,nd,vickers,0.75,312,nd,nd,nd,nd,nd,nd,nd,nd,nd,nd,nd,"4,05 (SELNB)",0.35,4.05,0.35,nd,SELNB,nd,nd,nd,nd,nd,nd,
49,60,,2018,Moradkhani et al 2018 ,CCT - Slipcasting;,CCT,Slip Casting,Slip Casting,,SC,,0,,,,0,nd,5,95,100,nd,0.4,0.35,nd,Dolapix CE64,Y2O3,3,47,1550,3,nd,nd,nd,nd,98.2,0.3,nd,nd,nd,nd,nd,nd,nd,401,3,nd,IET,26.3,0.4,nd,vickers,0.75,290,nd,nd,nd,nd,nd,nd,nd,nd,nd,nd,nd,"3,7 (SELNB)",0.3,3.7,0.3,nd,SELNB,nd,nd,nd,nd,nd,nd,
50,61,,2012,Ozkol et al 2012,não encontro,CCT,Slip Casting,Slip Casting,,SC,,0,,,,0,nd,100,0,100,1,0.63,0,0.63,"Dolapix CE64 (0,5 wt%)",Y2O3,3,40,1450,2.5,nd,nd,nd,nd,nd,nd,nd,nd,nd,nd,nd,nd,nd,nd,nd,nd,,nd,nd,nd,,,nd,nd,nd,612,111.32508089368274,10,nd,nd,nd,nd,nd,nd,nd,nd,nd,nd,nd,,nd,nd,nd,nd,nd,nd,
51,62,,2012,Ozkol et al 2012,não encontro,AM,DIP,Suspension,,,Material Jetting,0,,,,0,nd,100,0,100,1,0.63,0,0.63,Dolapix CE64 (1 wt%) + Polyols (25vol%),Y2O3,3,27,1450,2.5,nd,nd,nd,nd,96.198,nd,nd,nd,nd,nd,nd,nd,nd,nd,nd,nd,,nd,nd,nd,,,nd,nd,nd,843,258.82286472017404,34,nd,nd,nd,nd,nd,nd,nd,nd,nd,nd,nd,,nd,nd,nd,nd,nd,nd,
52,63,,2016,Fan et al 2016,CCT - Slipcasting;,CCT,Slip Casting,Slip Casting,,SC,,0,,,,0,nd,40,60,100,nd,0.4,0.35,nd,Dolapix CE65,Y2O3,3,47,1500,2,nd,nd,nd,nd,98.7,0.2,nd,0.4,0.2,nd,1,0.2,nd,340,8,nd,berkovich,15.6,0.2,nd,vickers,100,nd,nd,nd,nd,nd,nd,nd,nd,nd,nd,nd,nd,"5,4 (SELNB); 6,5 (Shetty); 8,1 (Niihara); 7,1 (Lankford)","0,8; 0,2; 0,2; 0,4",8.1,0.2,nd,Niihara,nd,nd,nd,nd,nd,nd,
53,64,,2016,Fan et al 2016,CCT - Slipcasting;,CCT,Slip Casting,Slip Casting,,SC,,0,,,,0,nd,5,95,100,nd,0.4,0.35,nd,Dolapix CE65,Y2O3,3,47,1500,2,nd,nd,nd,nd,98.4,0.1,nd,0.3,0.1,nd,1.9,0.3,nd,410,20,nd,berkovich,17.5,0.2,nd,vickers,100,nd,nd,nd,nd,nd,nd,nd,nd,nd,nd,nd,nd,"4,2 (SELNB); 3,4 (Anstis); 3,5 (Laugier); 5,4 (Lankford)","0,2; 0,2; 0,2; 0,2",3.4,0.2,nd,Anstis,nd,nd,nd,nd,nd,nd,
54,65,,2012,Tang et al 2012,não encontro,PP,UP + CIP,UP + CIP,,,,1,100,150,,0,nd,30,70,100,nd,nd,nd,nd,ethanol,Y2O3,3,nd,1600,2,nd,nd,nd,nd,nd,nd,nd,nd,nd,nd,nd,nd,nd,334,nd,nd,IET,20.3,nd,nd,vickers,98,nd,nd,nd,1010,nd,nd,nd,nd,nd,nd,nd,nd,"8,9 (SEVNB)",nd,8.9,nd,nd,SEVNB,nd,nd,nd,nd,nd,nd,
55,66,,2012,Tang et al 2012,não encontro,PP,UP + CIP,UP + CIP,,,,1,100,150,,0,nd,20,80,100,nd,nd,nd,nd,ethanol,Y2O3,3,nd,1600,2,nd,nd,nd,nd,nd,nd,nd,nd,nd,nd,nd,nd,nd,358,nd,nd,IET,19.22,nd,nd,vickers,98,nd,nd,nd,990,nd,nd,nd,nd,nd,7.8,nd,nd,7 (SEVNB),nd,7,nd,nd,SEVNB,nd,nd,nd,nd,nd,nd,
56,67,,2012,Tang et al 2012,não encontro,PP,UP + CIP,UP + CIP,,,,1,100,150,,0,nd,10,90,100,nd,nd,nd,nd,ethanol,Y2O3,3,nd,1600,2,nd,nd,nd,nd,nd,nd,nd,nd,nd,nd,nd,nd,nd,381,nd,nd,IET,18.73,nd,nd,vickers,98,nd,nd,nd,690,nd,nd,nd,nd,nd,nd,nd,nd,"5,7 (SEVNB)",nd,5.7,nd,nd,SEVNB,nd,nd,nd,nd,nd,nd,
57,68,,2012,Tang et al 2012,não encontro,PP,UP + CIP,UP + CIP,,,,1,100,150,,0,nd,0,100,100,0,0,nd,nd,ethanol,,,nd,1600,2,nd,nd,nd,nd,nd,nd,nd,nd,nd,nd,nd,nd,nd,394,nd,nd,IET,18.04,nd,nd,vickers,98,nd,nd,nd,500,nd,nd,nd,nd,nd,6.78,nd,nd,5 (SEVNB),nd,5,nd,nd,SEVNB,nd,nd,nd,nd,nd,nd,
58,69,,2016,Pędzich et al 2016,não encontro,PP,UP + CIP,UP + CIP,,,,1,50,300,,0,nd,50,50,100,nd,nd,nd,nd,nd,Y2O3,3,nd,1500,2,nd,nd,nd,nd,98.96,0.16,nd,nd,nd,nd,nd,nd,nd,nd,nd,nd,,nd,nd,nd,,,nd,nd,nd,nd,nd,nd,907.87,135.64,nd,nd,nd,nd,"6,57 (SEBN)",0.11,6.57,0.11,nd,SEBN,nd,nd,nd,nd,nd,nd,
59,70,,2016,Pędzich et al 2016,não encontro,PP,UP + CIP,UP + CIP,,,,1,50,300,,0,nd,35,65,100,nd,nd,nd,nd,nd,Y2O3,3,nd,1500,2,nd,nd,nd,nd,99.04,0.03,nd,nd,nd,nd,nd,nd,nd,nd,nd,nd,,nd,nd,nd,,,nd,nd,nd,nd,nd,nd,780.61,106.25,nd,nd,nd,nd,"4,84 (SEBN)",0.34,4.84,0.34,nd,SEBN,nd,nd,nd,nd,nd,nd,
60,71,,2016,Pędzich et al 2016,não encontro,PP,UP + CIP,UP + CIP,,,,1,50,300,,0,nd,15,85,100,nd,nd,nd,nd,nd,Y2O3,3,nd,1500,2,nd,nd,nd,nd,98.99,0.2,nd,nd,nd,nd,nd,nd,nd,nd,nd,nd,,nd,nd,nd,,,nd,nd,nd,nd,nd,nd,722.36,79.08,nd,nd,nd,nd,"5,88 (SEBN)",0.14,5.88,0.14,nd,SEBN,nd,nd,nd,nd,nd,nd,
61,72,,2016,Pędzich et al 2016,não encontro,PP,UP + CIP,UP + CIP,,,,1,50,300,,0,nd,5,95,100,nd,nd,nd,nd,nd,Y2O3,3,nd,1400,2,nd,nd,nd,nd,98.55,0.36,nd,nd,nd,nd,nd,nd,nd,nd,nd,nd,,nd,nd,nd,,,nd,nd,nd,nd,nd,nd,561.14,67.6,nd,nd,nd,nd,"4,83 (SEBN)",0.4,4.83,0.4,nd,SEBN,nd,nd,nd,nd,nd,nd,
62,73,,2016,Pędzich et al 2016,não encontro,PP,UP + CIP,UP + CIP,,,,1,50,300,,0,nd,0,100,100,0,0,nd,nd,nd,,,nd,1400,2,nd,nd,nd,nd,99.28,0.05,nd,nd,nd,nd,nd,nd,nd,nd,nd,nd,,nd,nd,nd,,,nd,nd,nd,nd,nd,nd,413.04,103.35,nd,nd,nd,nd,"4,34 (SEBN)",0.2,4.34,0.2,nd,SEBN,nd,nd,nd,nd,nd,nd,
63,74,,2017,Sequeira et al 2017,PPT - Isostatic;,PP,UP + CIP,UP + CIP,,,,1,70,450,,0,nd,85,15,100,nd,0.25,0.25,nd,nd,Y2O3,3,nd,1400,3,nd,nd,nd,nd,98,nd,nd,0.343,0.021,nd,0.356,0.018,nd,nd,nd,nd,,14,nd,nd,vickers,9.8,nd,nd,nd,nd,nd,nd,1400,nd,nd,nd,nd,nd,"5,1 (Niihara)",nd,5.1,nd,nd,Niihara,nd,nd,nd,nd,nd,nd,
64,75,,2017,Sequeira et al 2017,PPT - Isostatic;,PP,UP + CIP,UP + CIP,,,,1,70,450,,0,nd,79,21,100,nd,0.25,0.25,nd,nd,Y2O3,3,nd,1400,3,nd,nd,nd,nd,99.3,nd,nd,0.367,0.013,nd,0.34,0.007,nd,nd,nd,nd,,14.25,nd,nd,vickers,9.8,nd,nd,nd,nd,nd,nd,1300,nd,nd,nd,nd,nd,5 (Niihara),nd,5,nd,nd,Niihara,nd,nd,nd,nd,nd,nd,
65,76,,2017,Sequeira et al 2017,PPT - Isostatic;,PP,UP + CIP,UP + CIP,,,,1,70,450,,0,nd,72,28,100,nd,0.25,0.25,nd,nd,Y2O3,3,nd,1400,3,nd,nd,nd,nd,98.5,nd,nd,0.353,0.003,nd,0.359,0.012,nd,nd,nd,nd,,15,nd,nd,vickers,9.8,nd,nd,nd,nd,nd,nd,1210,nd,nd,nd,nd,nd,"4,9 (Niihara)",nd,4.9,nd,nd,Niihara,nd,nd,nd,nd,nd,nd,
66,77,,2018,Maji et al 2018,não encontro,PP,UP + CIP,UP + CIP,,,,1,nd,nd,,0,nd,100,0,100,1,0.2,0,0.2,nd,Y2O3,3,nd,1650,2,nd,nd,nd,nd,nd,nd,nd,0.36,nd,nd,nd,nd,nd,nd,nd,nd,,12.7,0.6,nd,vickers,49,nd,nd,nd,nd,nd,nd,nd,nd,nd,nd,nd,nd,7 (SEPNB),0.3,7,0.3,nd,SEPNB,nd,nd,nd,nd,nd,nd,"Valor de pressão muito baixo, noartigo dizem (124.44 psi)"
67,78,,2018,Maji et al 2018,não encontro,PP,UP + CIP,UP + CIP,,,,1,nd,nd,,0,nd,90,10,100,nd,0.2,0.4,nd,nd,Y2O3,3,nd,1650,2,nd,nd,nd,nd,nd,nd,nd,0.31,nd,nd,0.67,nd,nd,nd,nd,nd,,12.95,0.9,nd,vickers,49,nd,nd,nd,nd,nd,nd,nd,nd,nd,nd,nd,nd,"6,7 (SEPNB)",0.92,6.7,0.92,nd,SEPNB,nd,nd,nd,nd,nd,nd,"Valor de pressão muito baixo, noartigo dizem (124.44 psi)"
68,79,,2018,Maji et al 2018,não encontro,PP,UP + CIP,UP + CIP,,,,1,nd,nd,,0,nd,85,15,100,nd,0.2,0.4,nd,nd,Y2O3,3,nd,1650,2,nd,nd,nd,nd,nd,nd,nd,nd,nd,nd,nd,nd,nd,nd,nd,nd,,13.075,0.2,nd,vickers,49,nd,nd,nd,nd,nd,nd,nd,nd,nd,nd,nd,nd,"6,55 (SEPNB)",0.95,6.55,0.95,nd,SEPNB,nd,nd,nd,nd,nd,nd,"Valor de pressão muito baixo, noartigo dizem (124.44 psi)"
69,80,,2018,Maji et al 2018,não encontro,PP,UP + CIP,UP + CIP,,,,1,nd,nd,,0,nd,80,20,100,nd,0.2,0.4,nd,nd,Y2O3,3,nd,1650,2,nd,nd,nd,nd,nd,nd,nd,0.26,nd,nd,0.78,nd,nd,nd,nd,nd,,13.2,0.31,nd,vickers,49,nd,nd,nd,nd,nd,nd,nd,nd,nd,nd,nd,nd,"6,4 (SEPNB)",0.9,6.4,0.9,nd,SEPNB,nd,nd,nd,nd,nd,nd,"Valor de pressão muito baixo, noartigo dizem (124.44 psi)"
70,81,,2018,Maji et al 2018,não encontro,PP,UP + CIP,UP + CIP,,,,1,nd,nd,,0,nd,75,25,100,nd,0.2,0.4,nd,nd,Y2O3,3,nd,1650,2,nd,nd,nd,nd,nd,nd,nd,nd,nd,nd,nd,nd,nd,nd,nd,nd,,13.325,0.45,nd,vickers,49,nd,nd,nd,nd,nd,nd,nd,nd,nd,nd,nd,nd,"6,25 (SEPNB)",0.17,6.25,0.17,nd,SEPNB,nd,nd,nd,nd,nd,nd,"Valor de pressão muito baixo, noartigo dizem (124.44 psi)"
71,82,,2018,Maji et al 2018,não encontro,PP,UP + CIP,UP + CIP,,,,1,nd,nd,,0,nd,70,30,100,nd,0.2,0.4,nd,nd,Y2O3,3,nd,1650,2,nd,nd,nd,nd,nd,nd,nd,0.21,nd,nd,0.87,nd,nd,nd,nd,nd,,13.45,0.24,nd,vickers,49,nd,nd,nd,nd,nd,nd,nd,nd,nd,nd,nd,nd,"6,1 (SEPNB)",0.14,6.1,0.14,nd,SEPNB,nd,nd,nd,nd,nd,nd,"Valor de pressão muito baixo, noartigo dizem (124.44 psi)"
72,83,Check,2004,Moraes et al 2004 ,não encontro,PP,UP,UP,,,,1,55,,,0,nd,100,0,100,1,0.35,0,0.35,"Citric Acid (0,6 % wt) / Polyethylene glicol (2 %wt)",Y2O3,3,nd,1550,2,nd,nd,nd,nd,99.46,0.08,nd,nd,nd,150,nd,nd,nd,210,nd,nd,RoM,13.2,0.48,30,vickers,98.1,nd,nd,nd,736.55,nd,nd,nd,nd,nd,nd,nd,nd,"4,77 (anstis); 7,16 (casellas); 6,82 (Niihara)","0,24; 0,36; 0,19",4.77,0.24,60,Anstis,nd,nd,nd,nd,nd,nd,
73,84,Check,2004,Moraes et al 2004 ,não encontro,PP,UP,UP,,,,1,55,,,0,nd,72,28,100,nd,0.35,0.44,nd,"Citric Acid (0,6 % wt) / Polyethylene glicol (2 %wt)",Y2O3,3,nd,1550,2,nd,nd,nd,nd,99.6,0.46,nd,nd,nd,150,nd,nd,150,230.64,nd,nd,RoM,15.44,0.46,30,vickers,98.1,nd,nd,nd,755.35,nd,nd,nd,nd,nd,nd,nd,nd,"5,00 (anstis); 7,49 (casellas); 7,15 (Niihara)","0,32; 0,48; 0,27",5,0.32,60,Anstis,nd,nd,nd,nd,nd,nd,
74,85,Check,2004,Moraes et al 2004 ,não encontro,PP,UP,UP,,,,1,55,,,0,nd,15,85,100,nd,0.35,0.44,nd,"Citric Acid (0,6 % wt) / Polyethylene glicol (2 %wt)",Y2O3,3,nd,1550,2,nd,nd,nd,nd,99.55,0.04,nd,nd,nd,150,nd,nd,150,324.79,nd,nd,RoM,17.14,0.38,30,vickers,98.1,nd,nd,nd,510.79,nd,nd,nd,nd,nd,nd,nd,nd,"4,57 (anstis); 6,85 (casellas); 6,54 (Niihara)","0,69; 1,04; 0,96",4.57,0.69,60,Anstis,nd,nd,nd,nd,nd,nd,
75,86,Check,2004,Moraes et al 2004 ,não encontro,PP,UP,UP,,,,1,55,,,0,nd,10,90,100,nd,0.35,0.44,nd,"Citric Acid (0,6 % wt) / Polyethylene glicol (2 %wt)",Y2O3,3,nd,1550,2,nd,nd,nd,nd,99.52,0.35,nd,nd,nd,150,nd,nd,150,338.85,nd,nd,RoM,17.38,0.23,30,vickers,98.1,nd,nd,nd,491.14,nd,nd,nd,nd,nd,nd,nd,nd,"4,43 (anstis); 6,65 (casellas); 6,34 (Niihara)","0,54; 0,81; 0,74",4.43,0.54,60,Anstis,nd,nd,nd,nd,nd,nd,
76,87,Check,2004,Moraes et al 2004 ,não encontro,PP,UP,UP,,,,1,55,,,0,nd,7,93,100,nd,0.35,0.44,nd,"Citric Acid (0,6 % wt) / Polyethylene glicol (2 %wt)",Y2O3,3,nd,1550,2,nd,nd,nd,nd,99.35,0.2,nd,nd,nd,150,nd,nd,150,351.54,nd,nd,RoM,17.41,0.21,30,vickers,98.1,nd,nd,nd,473.13,nd,nd,nd,nd,nd,nd,nd,nd,"4,29 (anstis); 6,43 (casellas); 6,14 (Niihara)","0,38; 0,57; 0,53",4.29,0.38,60,Anstis,nd,nd,nd,nd,nd,nd,
77,88,Check,2004,Moraes et al 2004 ,não encontro,PP,UP,UP,,,,1,55,,,0,nd,3,97,100,nd,0.35,0.44,nd,"Citric Acid (0,6 % wt) / Polyethylene glicol (2 %wt)",Y2O3,3,nd,1550,2,nd,nd,nd,nd,99.29,0.1,nd,nd,nd,150,nd,nd,150,365.22,nd,nd,RoM,17.48,0.76,30,vickers,98.1,nd,nd,nd,441.4,nd,nd,nd,nd,nd,nd,nd,nd,"4,25 (anstis); 6,38 (casellas). 6,09 (Niihara)","0,60; 0,89; 0,89",4.25,0.6,60,Anstis,nd,nd,nd,nd,nd,nd,
78,89,Check,2004,Moraes et al 2004 ,não encontro,PP,UP,UP,,,,1,55,,,0,nd,0,100,100,0,0,0.44,0.44,"Citric Acid (0,6 % wt) / Polyethylene glicol (2 %wt)",,,nd,1550,2,nd,nd,nd,nd,99.13,0.13,nd,nd,nd,150,nd,nd,150,380,nd,nd,RoM,17.53,0.52,30,vickers,98.1,nd,nd,nd,396.71,nd,nd,nd,nd,nd,nd,nd,nd,"4,06 (anstis); 6,10 (casellas); 5,81 (Niihara)","0,36; 0,54; 0,54",4.06,0.36,60,Anstis,nd,nd,nd,nd,nd,nd,
79,91,,2015,Xu et al 2015,CCT - Gelcasting;,CCT,Slip Casting ,Slip Casting,,SC,,0,,,,0,nd,0,100,100,0,0,0.33,0.33,"0,625 wt% Curdlan",,,50,1550,2,2.38,nd,nd,19.2,98.3,nd,nd,nd,nd,nd,nd,nd,nd,nd,nd,nd,,nd,nd,nd,,,347,14,10,nd,nd,nd,nd,nd,nd,nd,nd,nd,nd,nd,nd,nd,nd,,nd,nd,nd,nd,nd,nd,
80,92,,2015,Xu et al 2015,CCT - Gelcasting;,CCT,Slip Casting ,Slip Casting,,SC,,0,,,,0,nd,0,100,100,0,0,0.33,0.33,"0,75 wt% Curdlan",,,50,1550,2,2.14,nd,nd,17.9,97.6,nd,nd,nd,nd,nd,nd,nd,nd,nd,nd,nd,,nd,nd,nd,,,325,25,10,nd,nd,nd,nd,nd,nd,nd,nd,nd,nd,nd,nd,nd,nd,,nd,nd,nd,nd,nd,nd,
81,93,,2014,Idzkowska et al 2014,CCT - Gelcasting;,CCT,Slip Casting ,Slip Casting,,SC,,0,,,,0,nd,100,0,100,1,0.4,0,0.4,4 wt% of glycerol monoacrylate,Y2O3,3,40,1650,1,nd,nd,nd,nd,99,nd,nd,0.84,nd,nd,nd,nd,nd,nd,nd,nd,,nd,nd,nd,,,nd,nd,nd,nd,nd,nd,749,140,10,nd,nd,nd,nd,nd,nd,nd,nd,,nd,nd,nd,nd,nd,nd,
82,94,Check,2017,Zhang et al 2017,CCT - Gelcasting;,CCT,Gelcasting,Gelcasting,,GC,,0,,,,0,nd,0,100,100,0,0,0.45,0.45,"0,2 wt% Isobam 600AF; 0,1 wt% Isobam104; 0,5 vol% TMAH; gelled at RT",,,56,1550,3,nd,nd,nd,nd,nd,nd,nd,nd,nd,nd,nd,nd,nd,nd,nd,nd,,nd,nd,nd,,,531,13,nd,nd,nd,nd,nd,nd,nd,nd,nd,nd,nd,nd,nd,nd,nd,,nd,nd,nd,nd,nd,nd,
83,95,Check,2017,Zhang et al 2017,CCT - Gelcasting;,CCT,Gelcasting,Gelcasting,,GC,,0,,,,0,nd,0,100,100,0,0,0.45,0.45,"0,2 wt% Isobam 600AF; 0,1 wt% Isobam104; 0,5 vol% TMAH; gelled at RT",,,58,1550,3,nd,nd,nd,nd,nd,nd,nd,nd,nd,nd,nd,nd,nd,nd,nd,nd,,nd,nd,nd,,,546,10,nd,nd,nd,nd,nd,nd,nd,nd,nd,nd,nd,nd,nd,nd,nd,,nd,nd,nd,nd,nd,nd,
84,96,Check,2013,Khoshkalam et al 2013,CCT - Gelcasting;,CCT,Gelcasting,Gelcasting,,GC,,0,,,,0,nd,0,100,100,0,0,1.55,1.55,"15 wt% AM, 0,6 wt% MBAM, 0,6 wt% ammonium polyacrylate as dispersant, 0,15 wt% Polymerization initiator APS (ammonium persulfate), 0,15 wt% catalyst TEMED (tetramethylethylenediamine),",,,50,1650,4,nd,nd,nd,nd,96.6,nd,nd,nd,nd,nd,nd,nd,nd,nd,nd,nd,,17.5,2.5,6,vickers,98.1,320,20,nd,nd,nd,nd,nd,nd,nd,nd,nd,nd,"3,8 (Anstis)",0.4,3.8,0.4,6,Anstis,nd,nd,nd,nd,nd,nd,
85,97,Check,2013,Khoshkalam et al 2013,CCT - Gelcasting;,CCT,Gelcasting,Gelcasting,,GC,,0,,,,0,nd,10,90,100,nd,5,1.55,nd,"15 wt% AM, 0,6 wt% MBAM, 0,6 wt% ammonium polyacrylate as dispersant, 0,15 wt% Polymerization initiator APS (ammonium persulfate), 0,15 wt% catalyst TEMED (tetramethylethylenediamine),",nd,0,50,1650,4,nd,nd,nd,nd,96.6,nd,nd,nd,nd,nd,nd,nd,nd,nd,nd,nd,,17.5,2.5,6,vickers,98.1,375,45,nd,nd,nd,nd,nd,nd,nd,nd,nd,nd,"4,4 (Anstis)",0.3,4.4,0.3,6,Anstis,nd,nd,nd,nd,nd,nd,
86,98,Check,2013,Khoshkalam et al 2013,CCT - Gelcasting;,CCT,Gelcasting,Gelcasting,,GC,,0,,,,0,nd,15,85,100,nd,5,1.55,nd,"15 wt% AM, 0,6 wt% MBAM, 0,6 wt% ammonium polyacrylate as dispersant, 0,15 wt% Polymerization initiator APS (ammonium persulfate), 0,15 wt% catalyst TEMED (tetramethylethylenediamine),",nd,0,50,1650,4,nd,nd,nd,nd,96.6,nd,nd,nd,nd,nd,nd,nd,nd,nd,nd,nd,,17,2,6,vickers,98.1,390,30,nd,nd,nd,nd,nd,nd,nd,nd,nd,nd,"4,3 (Anstis)",0.3,4.3,0.3,6,Anstis,nd,nd,nd,nd,nd,nd,
87,99,Check,2013,Khoshkalam et al 2013,CCT - Gelcasting;,CCT,Gelcasting,Gelcasting,,GC,,0,,,,0,nd,20,80,100,nd,5,1.55,nd,"15 wt% AM, 0,6 wt% MBAM, 0,6 wt% ammonium polyacrylate as dispersant, 0,15 wt% Polymerization initiator APS (ammonium persulfate), 0,15 wt% catalyst TEMED (tetramethylethylenediamine),",nd,0,50,1650,4,nd,nd,nd,nd,96.6,nd,nd,nd,nd,nd,1.75,nd,nd,nd,nd,nd,,17,2.5,6,vickers,98.1,390,30,nd,nd,nd,nd,nd,nd,nd,nd,nd,nd,"3,9 (Anstis)",0.4,3.9,0.4,6,Anstis,nd,nd,nd,nd,nd,nd,
88,100,Check,2014,Warcholinski et al 2014,CCT - Slipcasting;,CCT,Slip Casting,Slip Casting,,SC,,0,,,,0,nd,0,100,100,0,0,0.5,0.5,Dolapix FF 7,,,nd,1550,nd,nd,nd,nd,nd,97,nd,nd,nd,nd,nd,"3,5",nd,nd,nd,nd,nd,,15.3,nd,nd,vickers,20,300,nd,nd,nd,nd,nd,nd,nd,nd,nd,nd,nd,"4,5 (SEBN)",nd,4.5,nd,nd,SEBN,nd,nd,nd,nd,nd,nd,
89,101,Check,2014,Warcholinski et al 2014,CCT - Slipcasting;,CCT,Slip Casting,Slip Casting,,SC,,0,,,,0,nd,7,93,100,nd,0.05,0.5,nd,"Dolapix FF 7 (Zircónia usada estabilizada com 5,3 % itria",Y2O3,3,nd,1550,nd,nd,nd,nd,nd,97,nd,nd,nd,nd,nd,nd,nd,nd,nd,nd,nd,,16.5,nd,nd,vickers,20,430,nd,nd,nd,nd,nd,nd,nd,nd,nd,nd,nd,"6,5 (SEBN)",nd,6.5,nd,nd,SEBN,nd,nd,nd,nd,nd,nd,
90,102,Check,2014,Warcholinski et al 2014,CCT - Slipcasting;,CCT,Slip Casting,Slip Casting,,SC,,0,,,,0,nd,10,90,100,nd,0.05,0.5,nd,"Dolapix FF 7 (Zircónia usada estabilizada com 5,3 % itria",Y2O3,3,nd,1550,nd,nd,nd,nd,nd,98,nd,nd,nd,nd,nd,2,nd,nd,nd,nd,nd,,16.8,nd,nd,vickers,20,490,nd,nd,nd,nd,nd,nd,nd,nd,nd,nd,nd,"6,9 (SEBN)",nd,6.9,nd,nd,SEBN,nd,nd,nd,nd,nd,nd,
91,103,Check,2014,Warcholinski et al 2014,CCT - Slipcasting;,CCT,Slip Casting,Slip Casting,,SC,,0,,,,0,nd,14,86,100,nd,0.05,0.5,nd,"Dolapix FF 7 (Zircónia usada estabilizada com 5,3 % itria",Y2O3,3,nd,1550,nd,nd,nd,nd,nd,98,nd,nd,nd,nd,nd,nd,nd,nd,nd,nd,nd,,15.7,nd,nd,vickers,20,480,nd,nd,nd,nd,nd,nd,nd,nd,nd,nd,nd,6 (SEBN),nd,6,nd,nd,SEBN,nd,nd,nd,nd,nd,nd,
92,104,Check,2013,Naglieri et al 2013,CCT - Slipcasting; PPT - Uniaxial;,CCT,Slip Casting,Slip Casting,,SC,,0,,,,0,nd,5,95,100,nd,nd,nd,nd,nd,Y2O3,3,27,1500,1,nd,nd,nd,nd,99,nd,nd,0.26,nd,nd,0.88,nd,nd,nd,nd,nd,,18.14,0.39,10,vickers,98.1,nd,nd,nd,nd,nd,nd,nd,nd,nd,nd,nd,nd,"2,7 (Anstis)",0.21,2.7,0.21,10,Anstis,nd,nd,nd,nd,nd,nd,
93,105,Check,2013,Naglieri et al 2013,CCT - Slipcasting; PPT - Uniaxial;,CCT,Slip Casting,Slip Casting,,SC,,0,,,,0,nd,10,90,100,nd,nd,nd,nd,nd,Y2O3,3,26.5,1500,1,nd,nd,nd,nd,100,nd,nd,0.31,nd,nd,0.81,nd,nd,nd,nd,nd,,17.7,0,10,vickers,98.1,nd,nd,nd,nd,nd,nd,nd,nd,nd,nd,nd,nd,"3,55 (Anstis)",0.3,3.55,0.3,10,Anstis,nd,nd,nd,nd,nd,nd,
94,106,Check,2013,Naglieri et al 2013,CCT - Slipcasting; PPT - Uniaxial;,CCT,Slip Casting,Slip Casting,,SC,,0,,,,0,nd,15,85,100,nd,nd,nd,nd,nd,Y2O3,3,26,1500,1,nd,nd,nd,nd,100,nd,nd,0.31,nd,nd,0.75,nd,nd,nd,nd,nd,,16.38,0.25,10,vickers,98.1,nd,nd,nd,nd,nd,nd,nd,nd,nd,nd,nd,nd,"3,3 (Anstis)",0.1,3.3,0.1,10,Anstis,nd,nd,nd,nd,nd,nd,
95,107,Check,2013,Naglieri et al 2013,CCT - Slipcasting; PPT - Uniaxial;,CCT,Slip Casting,Slip Casting,,SC,,0,,,,0,nd,20,80,100,nd,nd,nd,nd,nd,Y2O3,3,25,1500,1,nd,nd,nd,nd,100,nd,nd,0.36,nd,nd,0.7,nd,nd,nd,nd,nd,,16.08,0.29,10,vickers,98.1,nd,nd,nd,nd,nd,nd,nd,nd,nd,nd,nd,nd,"3,05 (Anstis)",0.06,3.05,0.06,10,Anstis,nd,nd,nd,nd,nd,nd,
96,108,Check,2012,Pabst et al 2012,CCT - Slipcasting;,CCT,Slip Casting,Slip Casting,,SC,,0,,,,0,nd,100,0,100,1,0.2,0,0.2,1 wt% Dolapix  CE64 (Zircónia com 3-mol% itria),Y2O3,3,27.7,1350,2,nd,nd,nd,20.7,98,nd,nd,nd,nd,nd,nd,nd,nd,218.2,nd,nd,IET,nd,nd,nd,,,nd,nd,nd,nd,nd,nd,nd,nd,nd,nd,nd,nd,nd,nd,nd,nd,nd,,nd,nd,nd,nd,nd,nd,
97,109,Check,2012,Pabst et al 2012,CCT - Slipcasting;,CCT,Slip Casting,Slip Casting,,SC,,0,,,,0,nd,90,10,100,nd,0.2,0.15,nd,1 wt% Dolapix  CE64 (Zircónia com 3-mol% itria),Y2O3,3,28.61,1350,2,nd,nd,nd,20.3,98.4,nd,nd,nd,nd,nd,nd,nd,nd,218.9,nd,nd,IET,nd,nd,nd,,,nd,nd,nd,nd,nd,nd,nd,nd,nd,nd,nd,nd,nd,nd,nd,nd,nd,,nd,nd,nd,nd,nd,nd,
98,110,Check,2012,Pabst et al 2012,CCT - Slipcasting;,CCT,Slip Casting,Slip Casting,,SC,,0,,,,0,nd,80,20,100,nd,0.2,0.15,nd,1 wt% Dolapix  CE64 (Zircónia com 3-mol% itria),Y2O3,3,29.52,1350,2,nd,nd,nd,19.8,97.5,nd,nd,nd,nd,nd,nd,nd,nd,221.8,nd,nd,IET,nd,nd,nd,,,nd,nd,nd,nd,nd,nd,nd,nd,nd,nd,nd,nd,nd,nd,nd,nd,nd,,nd,nd,nd,nd,nd,nd,
99,111,Check,2012,Pabst et al 2012,CCT - Slipcasting;,CCT,Slip Casting,Slip Casting,,SC,,0,,,,0,nd,70,30,100,nd,0.2,0.15,nd,1 wt% Dolapix  CE64 (Zircónia com 3-mol% itria),Y2O3,3,30.4,1350,2,nd,nd,nd,18.8,96.5,nd,nd,nd,nd,nd,nd,nd,nd,229.4,nd,nd,IET,nd,nd,nd,,,nd,nd,nd,nd,nd,nd,nd,nd,nd,nd,nd,nd,nd,nd,nd,nd,nd,,nd,nd,nd,nd,nd,nd,
100,112,Check,2012,Pabst et al 2012,CCT - Slipcasting;,CCT,Slip Casting,Slip Casting,,SC,,0,,,,0,nd,60,40,100,nd,0.2,0.15,nd,1 wt% Dolapix  CE64 (Zircónia com 3-mol% itria),Y2O3,3,31.34,1350,2,nd,nd,nd,17.2,92.3,nd,nd,nd,nd,nd,nd,nd,nd,251,nd,nd,IET,nd,nd,nd,,,nd,nd,nd,nd,nd,nd,nd,nd,nd,nd,nd,nd,nd,nd,nd,nd,nd,,nd,nd,nd,nd,nd,nd,
101,113,Check,2012,Pabst et al 2012,CCT - Slipcasting;,CCT,Slip Casting,Slip Casting,,SC,,0,,,,0,nd,50,50,100,nd,0.2,0.15,nd,1 wt% Dolapix  CE64 (Zircónia com 3-mol% itria),Y2O3,3,32.25,1350,2,nd,nd,nd,15.6,95,nd,nd,nd,nd,nd,nd,nd,nd,273.7,nd,nd,IET,nd,nd,nd,,,nd,nd,nd,nd,nd,nd,nd,nd,nd,nd,nd,nd,nd,nd,nd,nd,nd,,nd,nd,nd,nd,nd,nd,
102,114,Check,2012,Pabst et al 2012,CCT - Slipcasting;,CCT,Slip Casting,Slip Casting,,SC,,0,,,,0,nd,40,60,100,nd,0.2,0.15,nd,1 wt% Dolapix  CE64 (Zircónia com 3-mol% itria),Y2O3,3,33,1350,2,nd,nd,nd,15,93.7,nd,nd,nd,nd,nd,nd,nd,nd,272.2,nd,nd,IET,nd,nd,nd,,,nd,nd,nd,nd,nd,nd,nd,nd,nd,nd,nd,nd,nd,nd,nd,nd,nd,,nd,nd,nd,nd,nd,nd,
103,115,Check,2012,Pabst et al 2012,CCT - Slipcasting;,CCT,Slip Casting,Slip Casting,,SC,,0,,,,0,nd,30,70,100,nd,0.2,0.15,nd,1 wt% Dolapix  CE64 (Zircónia com 3-mol% itria),Y2O3,3,34.07,1350,2,nd,nd,nd,15.7,92.7,nd,nd,nd,nd,nd,nd,nd,nd,314.1,nd,nd,IET,nd,nd,nd,,,nd,nd,nd,nd,nd,nd,nd,nd,nd,nd,nd,nd,nd,nd,nd,nd,nd,,nd,nd,nd,nd,nd,nd,
104,116,Check,2012,Pabst et al 2012,CCT - Slipcasting;,CCT,Slip Casting,Slip Casting,,SC,,0,,,,0,nd,20,80,100,nd,0.2,0.15,nd,1 wt% Dolapix  CE64 (Zircónia com 3-mol% itria),Y2O3,3,34.98,1350,2,nd,nd,nd,14.6,93.3,nd,nd,nd,nd,nd,nd,nd,nd,336.1,nd,nd,IET,nd,nd,nd,,,nd,nd,nd,nd,nd,nd,nd,nd,nd,nd,nd,nd,nd,nd,nd,nd,nd,,nd,nd,nd,nd,nd,nd,
105,117,Check,2012,Pabst et al 2012,CCT - Slipcasting;,CCT,Slip Casting,Slip Casting,,SC,,0,,,,0,nd,10,90,100,nd,0.2,0.15,nd,1 wt% Dolapix  CE64 (Zircónia com 3-mol% itria),Y2O3,3,35.9,1350,2,nd,nd,nd,14.2,95.7,nd,nd,nd,nd,nd,nd,nd,nd,374.8,nd,nd,IET,nd,nd,nd,,,nd,nd,nd,nd,nd,nd,nd,nd,nd,nd,nd,nd,nd,nd,nd,nd,nd,,nd,nd,nd,nd,nd,nd,
106,118,Check,2012,Pabst et al 2012,CCT - Slipcasting;,CCT,Slip Casting,Slip Casting,,SC,,0,,,,0,nd,0,100,100,0,0,0.15,0.15,1 wt% Dolapix  CE64 (Zircónia com 3-mol% itria),,,36.8,1350,2,nd,nd,nd,14.4,98.9,nd,nd,nd,nd,nd,nd,nd,nd,397.1,nd,nd,IET,nd,nd,nd,,,nd,nd,nd,nd,nd,nd,nd,nd,nd,nd,nd,nd,nd,nd,nd,nd,nd,,nd,nd,nd,nd,nd,nd,
107,119,,2013,Rayón et al 2013,CCT - Slipcasting;,CCT,Slip Casting,Slip Casting,,SC,,0,,,,0,nd,100,0,100,1,0.9,0,0.9,H2O/EtOH (90:10),Y2O3,3,28,1300,2,nd,nd,nd,nd,98.9,nd,nd,0.25,nd,nd,nd,nd,nd,250,nd,nd,berkovich,17,nd,nd,berkovich,nd,nd,nd,nd,nd,nd,nd,nd,nd,nd,nd,nd,nd,nd,nd,nd,nd,nd,,nd,nd,nd,nd,nd,nd,
108,120,,2013,Rayón et al 2013,CCT - Slipcasting;,CCT,Slip Casting,Slip Casting,,SC,,0,,,,0,nd,100,0,100,1,0.4,0,0.4,"1,5 wt% Duramax",Y2O3,3,30,1400,2,nd,nd,nd,nd,nd,nd,nd,0.2,nd,nd,nd,nd,nd,250,nd,nd,berkovich,17,nd,nd,berkovich,nd,nd,nd,nd,nd,nd,nd,nd,nd,nd,nd,nd,nd,nd,nd,nd,nd,nd,,nd,nd,nd,nd,nd,nd,
109,121,Check,2016,Aboras et al 2016; Aboras et al 2019,CCT - Slipcasting; CCT - Gelcasting; PPT - Isostatic;,CCT,Slip Casting + CIP,Slip Casting,,SC,,0,,200,,0,nd,100,0,100,1,nd,0,nd,"0,4 wt% PEI + 200 MPa ",Y2O3,3,7.26,1600,2,nd,nd,nd,nd,98.9,0.6,nd,0.501,nd,nd,nd,nd,nd,nd,nd,nd,,14.4,0.5,nd,vickers ,nd,nd,nd,nd,nd,nd,nd,975,95,nd,nd,nd,nd,nd,nd,nd,nd,nd,,nd,nd,nd,nd,nd,nd,
110,122,Check,2016,Aboras et al 2016; Aboras et al 2019,CCT - Slipcasting; CCT - Gelcasting; PPT - Isostatic;,CCT,Slip Casting,Slip Casting,,SC,,0,,,,0,nd,100,0,100,1,nd,0,nd,"0,4 wt% PEI",Y2O3,3,7.26,1600,2,nd,nd,nd,nd,93,0.6,nd,0.491,nd,nd,nd,nd,nd,nd,nd,nd,,9.8,0.6,nd,vickers ,nd,nd,nd,nd,nd,nd,nd,755,80,nd,nd,nd,nd,nd,nd,nd,nd,nd,,nd,nd,nd,nd,nd,nd,
111,123,Check,2013,Hassanin et al 2013,CCT - Slipcasting;,CCT,Slip Casting,Slip Casting,,SC,,0,,,,0,nd,100,0,100,1,0.4,0,0.4,Duramax D-3005,Y2O3,nd,50,1500,2,21,nd,nd,nd,98.6,nd,nd,3.14,nd,nd,nd,nd,nd,nd,nd,nd,,14.7,nd,nd,vickers ,9.8,497,nd,nd,nd,nd,nd,nd,nd,nd,nd,nd,nd,nd,nd,nd,nd,nd,,nd,nd,nd,nd,nd,nd,
112,124,Check,2013,Hassanin et al 2013,CCT - Slipcasting;,CCT,Slip Casting,Slip Casting,,SC,,0,,,,0,nd,100,0,100,1,0.65,0,0.65,Duramax D-3005,Y2O3,nd,50,1500,2,20.9,nd,nd,nd,98.5,nd,nd,2.74,nd,nd,nd,nd,nd,nd,nd,nd,,14.65,nd,nd,vickers ,9.8,508,nd,nd,nd,nd,nd,nd,nd,nd,nd,nd,nd,nd,nd,nd,nd,nd,,nd,nd,nd,nd,nd,nd,
113,125,Check,2013,Hassanin et al 2013,CCT - Slipcasting;,CCT,Slip Casting,Slip Casting,,SC,,0,,,,0,nd,100,0,100,1,1,0,1,Duramax D-3005,Y2O3,nd,50,1500,2,18.9,nd,nd,nd,98,nd,nd,2.79,nd,nd,nd,nd,nd,nd,nd,nd,,14.5,nd,nd,vickers ,9.8,315,nd,nd,nd,nd,nd,nd,nd,nd,nd,nd,nd,nd,nd,nd,nd,nd,,nd,nd,nd,nd,nd,nd,
114,126,Check,2013,Hassanin et al 2013,CCT - Slipcasting;,CCT,Slip Casting,Slip Casting,,SC,,0,,,,0,nd,100,0,100,1,1.9,0,1.9,Duramax D-3005,Y2O3,nd,50,1500,2,18.1,nd,nd,nd,95.1,nd,nd,2.97,nd,nd,nd,nd,nd,nd,nd,nd,,14,nd,nd,vickers ,9.8,210,nd,nd,nd,nd,nd,nd,nd,nd,nd,nd,nd,nd,nd,nd,nd,nd,,nd,nd,nd,nd,nd,nd,
115,127,Check,2016,Hao et al 2016,CCT - Slipcasting; PPT - Isostatic;,CCT,Slip Casting,Slip Casting,,SC,,0,,,,0,nd,100,0,100,1,0.02,0,0.02,"0,4 wt,% of 0,005 M PEI",Y2O3,3,7.26,1600,2,nd,nd,nd,nd,92,nd,nd,0.569,nd,nd,nd,nd,nd,nd,nd,nd,,10.4,0.1,6,vickers ,1.96,nd,nd,nd,nd,nd,nd,nd,nd,nd,nd,nd,nd,nd,nd,nd,nd,nd,,nd,nd,nd,nd,nd,nd,
116,128,Check,2016,Hao et al 2016,CCT - Slipcasting; PPT - Isostatic;,PP,UP + CIP,UP + CIP,,,,1,25,200,,0,nd,100,0,100,1,0.02,0,0.02,nd,Y2O3,3,nd,1600,2,nd,nd,nd,nd,98,nd,nd,0.614,nd,nd,nd,nd,nd,nd,nd,nd,,12.4,0.2,6,vickers ,1.96,nd,nd,nd,nd,nd,nd,nd,nd,nd,nd,nd,nd,nd,nd,nd,nd,nd,,nd,nd,nd,nd,nd,nd,
117,129,Check,2016,Hao et al 2016,CCT - Slipcasting; PPT - Isostatic;,CCT,Slip Casting + CIP,Slip Casting,,SC,,0,,200,,0,nd,100,0,100,1,0.02,0,0.02,"0,4 wt,% of 0,005 M PEI + 200 MPa ",Y2O3,3,7.26,1600,2,nd,nd,nd,nd,99,nd,nd,0.517,nd,nd,nd,nd,nd,nd,nd,nd,,14.4,0.1,6,vickers ,1.96,nd,nd,nd,nd,nd,nd,nd,nd,nd,nd,nd,nd,nd,nd,nd,nd,nd,,nd,nd,nd,nd,nd,nd,
118,130,Check,2006,Bermejo et al 2006,CCT - Slipcasting;,CCT,Slip Casting,Slip Casting,,SC,,0,,,,0,nd,5,95,100,nd,0.37,0.29,nd,"0,8% Duramax-3021",Y2O3,3,36.6,1550,2,nd,nd,nd,nd,99,nd,nd,0.45,nd,nd,2.5,nd,nd,390,10,nd,IET,16.3,nd,nd,vickers ,30,nd,nd,nd,422,30,nd,nd,nd,nd,nd,nd,nd,"3,2 (anstis)",0.2,3.2,0.2,nd,Anstis,9.82,nd,nd,nd,nd,nd,
119,131,Check,2018,Rowthu et al 2018,CCT - Slipcasting;,CCT,Slip Casting,Slip Casting,,SC,,0,,,,0,nd,0,100,100,0,0,0.15,0.15,1-Octanol + polyacrylic acid (PAA),,,25,1300,1,nd,nd,nd,nd,93.2,2.7,10,nd,nd,nd,0.3,0.07,nd,nd,nd,nd,,nd,nd,nd,,,nd,nd,nd,370,149.5,10,nd,nd,nd,nd,nd,nd,nd,nd,nd,nd,nd,,nd,nd,nd,nd,nd,nd,
120,132,Check,2018,Rowthu et al 2018,CCT - Slipcasting;,CCT,Slip Casting,Slip Casting,,SC,,0,,,,0,nd,0,100,100,0,0,0.15,0.15,1-Octanol + polyacrylic acid (PAA),,,25,1350,1,nd,nd,nd,nd,94.4,2.7,10,nd,nd,nd,0.507,0.153,nd,nd,nd,nd,,nd,nd,nd,,,nd,nd,nd,337.5,62.5,10,nd,nd,nd,nd,nd,nd,nd,nd,nd,nd,nd,,nd,nd,nd,nd,nd,nd,
121,133,Check,2018,Rowthu et al 2018,CCT - Slipcasting;,CCT,Slip Casting,Slip Casting,,SC,,0,,,,0,nd,0,100,100,0,0,0.15,0.15,1-Octanol + polyacrylic acid (PAA),,,25,1400,1,nd,nd,nd,nd,96.7,2,10,nd,nd,nd,0.85,0.245,nd,nd,nd,nd,,nd,nd,nd,,,nd,nd,nd,440,120,10,nd,nd,nd,nd,nd,nd,nd,nd,nd,nd,nd,,nd,nd,nd,nd,nd,nd,
122,134,Check,2018,Rowthu et al 2018,CCT - Slipcasting;,CCT,Slip Casting,Slip Casting,,SC,,0,,,,0,nd,0,100,100,0,0,0.15,0.15,1-Octanol + polyacrylic acid (PAA),,,25,1500,1,nd,nd,nd,nd,98,1,10,nd,nd,nd,1.587,0.863,nd,nd,nd,nd,,nd,nd,nd,,,nd,nd,nd,367,43,10,nd,nd,nd,nd,nd,nd,nd,nd,nd,nd,nd,,nd,nd,nd,nd,nd,nd,
123,135,,2012,Xie et al 2012,CCT - Gelcasting;,CCT,Gelcasting,Gelcasting,,GC,,0,,,,0,nd,0,100,100,0,0,0.5,0.5,"15 wt% Hydantion epoxy resin + 0,65 wt% HydroDisper A168",,,50,1550,2,nd,nd,nd,nd,97,0.6,nd,nd,nd,nd,nd,nd,nd,nd,nd,nd,,nd,nd,nd,,,300.2,34.1,nd,nd,nd,nd,nd,nd,nd,nd,nd,nd,nd,nd,nd,nd,nd,,nd,nd,nd,nd,nd,nd,
124,148,,2005,Hotta et al 2005,CCT - Slipcasting;,CCT,Slip Casting,Slip Casting,,SC,,0,,,,0,nd,0,100,100,0,0,0.5,0.5,2 wt % CERUNA D-305,,,50,1550,2,nd,nd,nd,nd,nd,nd,nd,nd,nd,nd,nd,nd,nd,nd,nd,nd,,nd,nd,nd,,,nd,nd,nd,531,nd,nd,nd,nd,nd,26,nd,nd,"3,7 (SEPB)",nd,3.7,nd,nd,SEPB,nd,nd,nd,nd,nd,nd,
125,149,,2013,Xie et al 2013,CCT - Gelcasting;,CCT,Gelcasting,Gelcasting,,GC,,0,,,,0,nd,0,100,100,0,0,0.5,0.5,10 wt% EGDGE + DPTA,,,50,1550,2,nd,nd,nd,nd,nd,nd,nd,nd,nd,nd,nd,nd,nd,nd,nd,nd,,nd,nd,nd,,,335.47,37.77,12,nd,nd,nd,nd,nd,nd,9.2,nd,12,nd,nd,nd,nd,nd,,nd,nd,nd,nd,nd,nd,
126,150,,2013,Xie et al 2013,CCT - Gelcasting;,CCT,Gelcasting,Gelcasting,,GC,,0,,,,0,nd,0,100,100,0,0,0.5,0.5,15 wt% EGDGE + DPTA,,,50,1550,2,nd,nd,nd,nd,nd,nd,nd,nd,nd,nd,nd,nd,nd,nd,nd,nd,,nd,nd,nd,,,355.07,27.69,20,nd,nd,nd,nd,nd,nd,14.52,nd,20,nd,nd,nd,nd,nd,,nd,nd,nd,nd,nd,nd,
127,151,,2013,Xie et al 2013,CCT - Gelcasting;,CCT,Gelcasting,Gelcasting,,GC,,0,,,,0,nd,0,100,100,0,0,0.5,0.5,20 wt% EGDGE + DPTA,,,50,1550,2,nd,nd,nd,nd,nd,nd,nd,nd,nd,nd,nd,nd,nd,nd,nd,nd,,nd,nd,nd,,,315.9,26.02,20,nd,nd,nd,nd,nd,nd,13.33,nd,20,nd,nd,nd,nd,nd,,nd,nd,nd,nd,nd,nd,
128,152,,2011,He et al 2011,CCT - Gelcasting;,CCT,Gelcasting,Gelcasting,,GC,,0,,,,0,nd,0,100,100,0,0,nd,nd,"3 wt% EW + Duramax D-3005 + 0,1 vol%  1-Octanol PH (80 ºC/1h)",,,55,1600,2,nd,nd,nd,14.5,99.5,0.3,nd,nd,nd,nd,nd,nd,nd,nd,nd,nd,,nd,nd,nd,,,280,15,nd,nd,nd,nd,nd,nd,nd,nd,nd,nd,nd,nd,nd,nd,nd,,nd,nd,nd,nd,nd,nd,
129,153,,2011,He et al 2011,CCT - Gelcasting;,CCT,Gelcasting,Gelcasting,,GC,,0,,,,0,nd,0,100,100,0,0,nd,nd,"4 wt% EW + Duramax D-3005 + 0,1 vol%  1-Octanol PH (80 ºC/1h)",,,55,1600,2,nd,nd,nd,15.4,98.6,0.3,nd,nd,nd,nd,nd,nd,nd,nd,nd,nd,,nd,nd,nd,,,280,10,nd,nd,nd,nd,nd,nd,nd,nd,nd,nd,nd,nd,nd,nd,nd,,nd,nd,nd,nd,nd,nd,
130,154,,2011,He et al 2011,CCT - Gelcasting;,CCT,Gelcasting,Gelcasting,,GC,,0,,,,0,nd,0,100,100,0,0,nd,nd,"5 wt% EW + Duramax D-3005 + 0,1 vol%  1-Octanol PH (80 ºC/1h)",,,55,1600,2,nd,nd,nd,14.8,98.3,0.4,nd,nd,nd,nd,nd,nd,nd,nd,nd,nd,,nd,nd,nd,,,275,5,nd,nd,nd,nd,nd,nd,nd,nd,nd,nd,nd,nd,nd,nd,nd,,nd,nd,nd,nd,nd,nd,
131,155,,2011,He et al 2011,CCT - Gelcasting;,CCT,Gelcasting,Gelcasting,,GC,,0,,,,0,nd,0,100,100,0,0,nd,nd,"6 wt% EW + Duramax D-3005 + 0,1 vol%  1-Octanol PH (80 ºC/1h)",,,55,1600,2,nd,nd,nd,15.4,98,0.1,nd,nd,nd,nd,nd,nd,nd,nd,nd,nd,,nd,nd,nd,,,290,10,nd,nd,nd,nd,nd,nd,nd,13.4,nd,nd,nd,nd,nd,nd,nd,,nd,nd,nd,nd,nd,nd,
132,156,,2011,He et al 2011,CCT - Gelcasting;,CCT,Gelcasting,Gelcasting,,GC,,0,,,,0,nd,0,100,100,0,0,nd,nd,"7 wt% EW + Duramax D-3005 + 0,1 vol%  1-Octanol PH (80 ºC/1h)",,,55,1600,2,nd,nd,nd,16,97.4,0.3,nd,nd,nd,nd,nd,nd,nd,nd,nd,nd,,nd,nd,nd,,,260,20,nd,nd,nd,nd,nd,nd,nd,nd,nd,nd,nd,nd,nd,nd,nd,,nd,nd,nd,nd,nd,nd,
133,157,,2011,He et al 2011,CCT - Gelcasting;,CCT,Gelcasting,Gelcasting,,GC,,0,,,,0,nd,0,100,100,0,0,nd,nd,"3 wt% EW + Duramax D-3005 + 0,1 vol%  1-Octanol DI (RT/48h)",,,55,1600,2,nd,nd,nd,13.9,99.2,0.1,nd,nd,nd,nd,nd,nd,nd,nd,nd,nd,,nd,nd,nd,,,245,15,nd,nd,nd,nd,nd,nd,nd,nd,nd,nd,nd,nd,nd,nd,nd,,nd,nd,nd,nd,nd,nd,
134,158,,2011,He et al 2011,CCT - Gelcasting;,CCT,Gelcasting,Gelcasting,,GC,,0,,,,0,nd,0,100,100,0,0,nd,nd,"4 wt% EW + Duramax D-3005 + 0,1 vol%  1-Octanol DI (RT/48h)",,,55,1600,2,nd,nd,nd,15.5,98.3,0.3,nd,nd,nd,nd,nd,nd,nd,nd,nd,nd,,nd,nd,nd,,,250,10,nd,nd,nd,nd,nd,nd,nd,nd,nd,nd,nd,nd,nd,nd,nd,,nd,nd,nd,nd,nd,nd,
135,159,,2011,He et al 2011,CCT - Gelcasting;,CCT,Gelcasting,Gelcasting,,GC,,0,,,,0,nd,0,100,100,0,0,nd,nd,"5 wt% EW + Duramax D-3005 + 0,1 vol%  1-Octanol DI (RT/48h)",,,55,1600,2,nd,nd,nd,14.1,97.9,0.2,nd,nd,nd,nd,nd,nd,nd,nd,nd,nd,,nd,nd,nd,,,260,10,nd,nd,nd,nd,nd,nd,nd,nd,nd,nd,nd,nd,nd,nd,nd,,nd,nd,nd,nd,nd,nd,
136,160,,2011,He et al 2011,CCT - Gelcasting;,CCT,Gelcasting,Gelcasting,,GC,,0,,,,0,nd,0,100,100,0,0,nd,nd,"6 wt% EW + Duramax D-3005 + 0,1 vol%  1-Octanol DI (RT/48h)",,,55,1600,2,nd,nd,nd,14.2,97.75,0.3,nd,nd,nd,nd,nd,nd,nd,nd,nd,nd,,nd,nd,nd,,,265,5,nd,nd,nd,nd,nd,nd,nd,3.9,nd,nd,nd,nd,nd,nd,nd,,nd,nd,nd,nd,nd,nd,
137,161,,2011,He et al 2011,CCT - Gelcasting;,CCT,Gelcasting,Gelcasting,,GC,,0,,,,0,nd,0,100,100,0,0,nd,nd,"7 wt% EW + Duramax D-3005 + 0,1 vol%  1-Octanol DI (RT/48h)",,,55,1600,2,nd,nd,nd,14.7,96.9,0.2,nd,nd,nd,nd,nd,nd,nd,nd,nd,nd,,nd,nd,nd,,,240,0,nd,nd,nd,nd,nd,nd,nd,nd,nd,nd,nd,nd,nd,nd,nd,,nd,nd,nd,nd,nd,nd,
138,162,Check,2013,Tulliani et al 2013,CCT - Gelcasting;,CCT,Gelcasting,Gelcasting,,GC,,0,,,,0,nd,100,0,100,1,0.6,0,0.6,"1,28 vol% Dolapix PC33 + 19,12 vol% Sigma Agar",Y2O3,3,19.12,1550,2,nd,nd,nd,nd,93,1.2,nd,nd,nd,nd,nd,nd,nd,170,6,nd,berkovich,14.8,0.7,nd,berkovich,0.65,nd,nd,nd,413,110,nd,nd,nd,nd,nd,nd,nd,nd,nd,nd,nd,nd,,nd,nd,nd,nd,nd,nd,
139,163,,2016,Sun et al 2016,CCT - Gelcasting;,CCT,Gelcasting,Gelcasting,,GC,,0,,,,0,nd,0,100,100,0,0,0.45,0.45,"0,3 wt% PIBM + 0 wt% of EGDGE",,,50,1550,3,nd,nd,nd,nd,98.36,0.18,nd,nd,nd,nd,nd,nd,nd,nd,nd,nd,,nd,nd,nd,,,459,18,5,nd,nd,nd,nd,nd,nd,nd,nd,nd,nd,nd,nd,nd,nd,,nd,nd,nd,nd,nd,nd,
140,164,,2016,Sun et al 2016,CCT - Gelcasting;,CCT,Gelcasting,Gelcasting,,GC,,0,,,,0,nd,0,100,100,0,0,0.45,0.45,"0,3 wt% PIBM + 0,3 wt% of EGDGE",,,50,1550,3,nd,nd,nd,nd,98.84,0.16,nd,nd,nd,nd,nd,nd,nd,nd,nd,nd,,nd,nd,nd,,,469,31,5,nd,nd,nd,nd,nd,nd,nd,nd,nd,nd,nd,nd,nd,nd,,nd,nd,nd,nd,nd,nd,
141,165,,2016,Sun et al 2016,CCT - Gelcasting;,CCT,Gelcasting,Gelcasting,,GC,,0,,,,0,nd,0,100,100,0,0,0.45,0.45,"0,3 wt% PIBM + 0,6 wt% of EGDGE",,,50,1550,3,nd,nd,nd,nd,99.05,0.06,nd,nd,nd,nd,nd,nd,nd,nd,nd,nd,,nd,nd,nd,,,511,59,5,nd,nd,nd,nd,nd,nd,nd,nd,nd,nd,nd,nd,nd,nd,,nd,nd,nd,nd,nd,nd,
142,166,,2016,Sun et al 2016,CCT - Gelcasting;,CCT,Gelcasting,Gelcasting,,GC,,0,,,,0,nd,0,100,100,0,0,0.45,0.45,"0,3 wt% PIBM + 0,9 wt% of EGDGE",,,50,1550,3,nd,nd,nd,nd,98.7,0,nd,nd,nd,nd,nd,nd,nd,nd,nd,nd,,nd,nd,nd,,,460,20,5,nd,nd,nd,nd,nd,nd,nd,nd,nd,nd,nd,nd,nd,nd,,nd,nd,nd,nd,nd,nd,
143,167,Check,2018,Chin et al 2018,CCT - Slipcasting; PPT - Isostatic;,CCT,Slip Casting,Slip Casting,,SC,,0,,,,0,nd,100,0,100,1,0.035,0,0.035,"HNO3 + 0,4 wt% PEI",Y2O3,3,7,1450,2,nd,nd,nd,nd,93,2,6,0.3,nd,nd,nd,nd,nd,nd,nd,nd,,8.32,nd,6,vickers,1.96,nd,nd,nd,nd,nd,nd,nd,nd,nd,nd,nd,nd,nd,nd,nd,nd,nd,,nd,nd,nd,nd,nd,nd,
144,168,Check,2018,Chin et al 2018,CCT - Slipcasting; PPT - Isostatic;,CCT,Slip Casting,Slip Casting,,SC,,0,,,,0,nd,100,0,100,1,0.035,0,0.035,"HNO3 + 0,4 wt% PEI",Y2O3,3,7,1500,2,nd,nd,nd,nd,95,0.5,6,0.35,nd,nd,nd,nd,nd,nd,nd,nd,,11,nd,6,vickers,1.96,nd,nd,nd,nd,nd,nd,nd,nd,nd,nd,nd,nd,nd,nd,nd,nd,nd,,nd,nd,nd,nd,nd,nd,
145,169,Check,2018,Chin et al 2018,CCT - Slipcasting; PPT - Isostatic;,CCT,Slip Casting,Slip Casting,,SC,,0,,,,0,nd,100,0,100,1,0.035,0,0.035,"HNO3 + 0,4 wt% PEI",Y2O3,3,7,1550,2,nd,nd,nd,nd,98.5,0.1,6,0.4,nd,nd,nd,nd,nd,nd,nd,nd,,12.5,nd,6,vickers,1.96,nd,nd,nd,nd,nd,nd,nd,nd,nd,nd,nd,nd,nd,nd,nd,nd,nd,,nd,nd,nd,nd,nd,nd,
146,170,Check,2018,Chin et al 2018,CCT - Slipcasting; PPT - Isostatic;,CCT,Slip Casting,Slip Casting,,SC,,0,,,,0,nd,100,0,100,1,0.035,0,0.035,"HNO3 + 0,4 wt% PEI",Y2O3,3,7,1600,2,nd,nd,nd,nd,99.5,0.1,6,0.55,nd,nd,nd,nd,nd,nd,nd,nd,,12.7,nd,6,vickers,1.96,nd,nd,nd,nd,nd,nd,nd,nd,nd,nd,nd,nd,nd,nd,nd,nd,nd,,nd,nd,nd,nd,nd,nd,
147,171,Check,2018,Chin et al 2018,CCT - Slipcasting; PPT - Isostatic;,CCT,Slip Casting,Slip Casting,,SC,,0,,,,0,nd,100,0,100,1,0.035,0,0.035,"HNO3 + 0,4 wt% PEI",Y2O3,3,7,1650,2,nd,nd,nd,nd,99,0.1,6,0.708,nd,nd,nd,nd,nd,nd,nd,nd,,13,nd,6,vickers,1.96,nd,nd,nd,nd,nd,nd,nd,nd,nd,nd,nd,nd,nd,nd,nd,nd,nd,,nd,nd,nd,nd,nd,nd,
148,172,Check,2018,Chin et al 2018,CCT - Slipcasting; PPT - Isostatic;,PP,UP + CIP,UP + CIP,,,,1,25,200,,0,nd,100,0,100,1,0.035,0,0.035,200 MPa 1min,Y2O3,3,nd,1450,2,nd,nd,nd,nd,92,0.1,6,0.4,nd,nd,nd,nd,nd,nd,nd,nd,,2.32,nd,6,vickers,1.96,nd,nd,nd,nd,nd,nd,nd,nd,nd,nd,nd,nd,nd,nd,nd,nd,nd,,nd,nd,nd,nd,nd,nd,
149,173,Check,2018,Chin et al 2018,CCT - Slipcasting; PPT - Isostatic;,PP,UP + CIP,UP + CIP,,,,1,25,200,,0,nd,100,0,100,1,0.035,0,0.035,200 MPa 1min,Y2O3,3,nd,1500,2,nd,nd,nd,nd,94,0.1,6,0.59,nd,nd,nd,nd,nd,nd,nd,nd,,5.5,nd,6,vickers,1.96,nd,nd,nd,nd,nd,nd,nd,nd,nd,nd,nd,nd,nd,nd,nd,nd,nd,,nd,nd,nd,nd,nd,nd,
150,174,Check,2018,Chin et al 2018,CCT - Slipcasting; PPT - Isostatic;,PP,UP + CIP,UP + CIP,,,,1,25,200,,0,nd,100,0,100,1,0.035,0,0.035,200 MPa 1min,Y2O3,3,nd,1550,2,nd,nd,nd,nd,93.5,0.1,6,0.59,nd,nd,nd,nd,nd,nd,nd,nd,,10.5,nd,6,vickers,1.96,nd,nd,nd,nd,nd,nd,nd,nd,nd,nd,nd,nd,nd,nd,nd,nd,nd,,nd,nd,nd,nd,nd,nd,
